id;subject_rf=='Курская область';name_full;name_short;name_employee;inn;orn;legal_address;actual_address;phone;email;site;count_mkd;area_total;w_summ
8921387;Курская область;"ООО ""Городская Управляющая Компания №1""(ИНН 4632198458)";ГУК №1;Александр Евгеньевич Лытнев;4632198458;1,14463E+12;г. Курск, ул. Бутко, д. 23/81, п. офис 101;г. Курск, ул. Станционная, д. 35;51-04-16;ski146@yandex.ru;гук1курск.рф;13;44576,95;33,5
8919862;Курская область;"ЖИЛИЩНЫЙ КООПЕРАТИВ ""МОЛОДЕЖНАЯ""";"ЖК ""МОЛОДЕЖНАЯ""";Елена Николаевна Корнаухова;4633036844;1,15463E+12;г. Железногорск, ул. Молодежная, д. 9, п. 86;г. Железногорск, ул. Молодежная, д. 9, п. 86;79191353590;elena.n.kornayhova@mail.ru;zk-molidez.ru;3;21725,48;32,5
8927088;Курская область;ЖИЛИЩНО-СТРОИТЕЛЬНЫЙ КООПЕРАТИВ № 140;ЖСК №140;ЕЛЕНА МИХАЙЛОВНА КУЛАБУХОВА;4632124872;1,10463E+12;г. Курск, ул. К.Воробьева, д. 15, п. 37;г. Курск, ул. К.Воробьева, д. 15, п. 37;8 919 272 34 55;;;1;5797,1;24,5
8767346;Курская область;Жилищно-строительный кооператив №144;ЖСК №144;Нина Степановна Деулина;4629014580;1,03464E+12;г. Курск, ул. Косухина, д. 36;г. Курск, ул. Косухина, д. 36;51-58-13, 52-22-96;kursk.zhsk.144@ya.ru;жск-144.вжкх.рф;1;5710,8;25,5
8920347;Курская область;ЖИЛИЩНО-СТРОИТЕЛЬНЫЙ КООПЕРАТИВ 145;ЖСК - 145;ЛИДИЯ НИКОЛАЕВНА РЯБОВА;4629014608;1,0246E+12;г. Курск, ул. Майский бульвар, д. 10;г. Курск, ул. Майский бульвар, д. 10;(4712)508819;formagkh@yandex.ru;;1;4547,1;35
8767402;Курская область;Жилищно-строительный кооператив №150;ЖСК № 150;Людмила Леонидовна Пушкарёва;4629027886;1,03464E+12;г. Курск, ул. Косухина, д. 34;г. Курск, ул. Косухина, д. 34;(4712)50-67-48;kursk.zhsk.150@ya.ru;жск-150-курск.вжкх.рф;1;5356;17
8914954;Курская область;Потребительский жилищно-строительный кооператив № 20;ЖСК № 20;Надежда Петровна Костенко;4630011471;1,0246E+12;г. Курск, ул. Конорева, д. 6;г. Курск, ул. Конорева, д. 6;89513274852;formagkh@yandex.ru;;1;3438,3;22,5
8914955;Курская область;Жилищно-строительный кооператив N 22;ЖСК-22;Надежда Петровна Костенко;4630012203;1,03464E+12;г. Курск, ул. Конорева, д. 10;г. Курск, ул. Конорева, д. 10;89513274852;formagkh@yandex.ru;;1;3451;21,5
8930506;Курская область;ЖИЛИЩНО-СТРОИТЕЛЬНЫЙ КООПЕРАТИВ N 26;ЖСК-26;ПАВЕЛ РОСТИСЛАВОВИЧ ЛЬВОВ;4629014100;1,03464E+12;г. Курск, ул. Энгельса, д. 115;г. Курск, ул. Энгельса, д. 115;8 910 218 49 50;;;1;3018,4;
8650556;Курская область;Жилищно-строительный кооператив №30;ЖСК 30;Мария Григорьевна Митрофанова;4629014140;1,03464E+12;г. Курск, ул. Фатежская 1-я, д. 82;г. Курск, ул. Фатежская 1-я, д. 82;509741;kurskjsk30@gmail.com;www.kurskadmin.ru;1;2878,2;22,5
8094335;Курская область;Жилищно-строительный кооператив №32;ЖСК №32;Анатолий Иванович Зацепилин;4631006763;1,03464E+12;г. Курск, ул. Краснознаменная, д. 18 А, п. 67;г. Курск, ул. Краснознаменная, д. 18 А, п. 67;4(712)267250;redflag18@yandex.ru;http://redflag18.narod.ru/;1;2831,2;21
8935972;Курская область;"Жилищно-строительный кооператив-47 ""Север""";"ЖСК-47""Север""";Елена Федоровна Погребная;4630011577;1,03464E+12;г. Курск, ул. Комарова, д. 13Б;г. Курск, ул. Комарова, д. 13Б;8 951 324 69 22;pogrebnaya_49@mail.ru;;1;6022,6;24
8915255;Курская область;Жилищно-строительный кооператив № 65;ЖСК -65;Нина Филипповна Дмитриева;4630011182;1,03464E+12;г. Курск, ул. Дейнеки, д. 20, п. 104;г. Курск, ул. Дейнеки, д. 20, п. 104;89510723602;formagkh@yandex.ru;;1;5745,6;28,5
8915252;Курская область;Жилищно-строительный кооператив - 67;ЖСК - 67;Нина Филипповна Дмитриева;4630014360;1,06463E+12;г. Курск, ул. Ольшанского, д. 8 В;г. Курск, ул. Ольшанского, д. 8 В;89510723602;formagkh@yandex.ru;;1;4425,3;26,5
8915253;Курская область;Жилищно-строительный кооператив № 68;ЖСК-68;Нина Филипповна Дмитриева;4630014056;1,03464E+12;г. Курск, ул. Заводская, д. 29 Б;г. Курск, ул. Заводская, д. 29 Б;89510723602;formagkh@yandex.ru;;1;4400;29
8917356;Курская область;Жилищно-строительный кооператив №69;ЖСК №69;Елена Ивановна Юкина;4630010990;1,03464E+12;г. Курск, ул. Дейнеки, д. 26, к. 14, стр. 0, п. 0;г. Курск, ул. Дейнеки, д. 26, к. 14, стр. 0, п. 0;89207008619;Shura.racha@list.ru;;1;2804,1;27
8935714;Курская область;Жилищно-строительный кооператив №77;ЖСК-77;Владимир Эдуардович Бочаров;4630014190;1,08463E+12;г. Курск, ул. Дейнеки, д. 40;г. Курск, ул. Дейнеки, д. 40;89036338968;zhsk77kursk@mail.ru;;1;4873,5;29
8935309;Курская область;Жилищно строительный кооператив №86;ЖСК 86;Олег Валентинович Смирнов;4630011111;1,0246E+12;г. Курск, ул. Малышева, д. 12;г. Курск, ул. Малышева, д. 12;89510881180;k456ma@bk.ru;;1;6043,7;28
8914796;Курская область;Жилищно-строительный кооператив № 87 Сеймского округа г. Курска;ЖСК №87;Наталья Анатольевна Гайдукова;4630015050;1,0246E+12;г. Курск, ул. Малышева, д. 8;г. Курск, ул. Малышева, д. 8;89513209307;zsk87@yandex.ru;;1;6042,3;29
8914956;Курская область;Жилищно-строительный кооператив № 9;ЖСК № 9;Надежда Петровна Костенко;4630012309;1,0246E+12;г. Курск, ул. Конорева, д. 12;г. Курск, ул. Конорева, д. 12;89513274852;formagkh@yandex.ru;;1;3494,8;21,5
8938749;Курская область;ЖИЛИЩНО-СТРОИТЕЛЬНЫЙ КООПЕРАТИВ №95;ЖСК №95;Наталья Анатольевна Бровченко;4630013944;1,03464E+12;г. Курск, пр-кт. Кулакова, д. 3, п. 69;г. Курск, пр-кт. Кулакова, д. 3, п. 69;(4712)572447;zhsk95@yandex.ru;https://zhsk95.reformagkh.ru/about/228/overview;1;28577,8;30,5
8912965;Курская область;ЖСК-99;ЖСК-99;Вячеслав Степанович Потапенко;4630011714;1,03464E+12;г. Курск, ул. Серегина, д. 34;г. Курск, ул. Серегина, д. 34;8-906-575-70-63;gsk99_kursk@mail.ru;;1;;13
8201782;Курская область;ИП Карпушин Александр Иванович;ИП Карпушин А.И.;Александр Иванович Карпушин;4,615E+11;3,10462E+14;с. Паники, ул. Шелковская, д. 253;пгт. Медвенка, ул. Певнева, д. 2;8(47141)4-11-93;ipkarpushin@yandex.ru;IPKarpushin.narod2.ru;21;18215,4;28
8919450;Курская область;"Муниципальное автономное учреждение ""Марьинское жилищно-коммунальное хозяйство"" Рыльского района Курской области";"МАУ ""Марьинское ЖКХ""";Алексей Владимирович Лукиянов;4620014226;1,12462E+12;п. Марьино, ул. Сироткина, д. 5 А;п. Марьино, ул. Сироткина, д. 5 А;8(47152)7-76-00;gkhmarino@mail.ru;www.gkhmarino.ru;30;57621,1;45,5
8167128;Курская область;"Муниципальное унитарное предприятие ""Единый расчетный центр города Железногорск"" муниципального образования ""Город Железногорск"" Курской области";"МУП ""ЕРЦ""";Константин Борисович Денисов;4633017190;1,05468E+12;г. Железногорск, ул. 21 Партсъезда, д. 11;г. Железногорск, ул. 21 Партсъезда, д. 11;8 (47148) 24130;admin@mup-erc.ru;www.mup-erc.ru;14;11518,73;34,5
8802168;Курская область;"Муниципальное унитарное предприятие ""ЖКХ Уют"" Нижнемедведицкого сельсовета Курского района Курской области";"МУП ""ЖКХ Уют"" Нижнемедведицкого сельсовета Курского района Курской области";Евгений Игоревич Коций;4611012053;1,12461E+12;п. Касиновский, д. 21;п. Касиновский, д. 21;84712554193;yut7000@yandex.ru;www.nmedvedica.rkursk.ru;17;11620,1;32,5
8929220;Курская область;"МУП ""КТС"" Администрации Калиновского сельсовета Хомутовского района Курской области";"МУП ""КТС"" Администрации Калиновского сельсовета Хомутовского района Курской области";Константин  Михайлович Силаков;4626003774;1,06462E+12;с. Калиновка, ул. Ленина, д. 11;с. Калиновка, ул. Ленина, д. 11;84713724146;adm.kalinovka@mail.ru;;14;16331,8;24
8926754;Курская область;"Муниципальное унитарное предприятие ""Районное коммунальное хозяйство""";"МУП ""РКХ""";Татьяна Ивановна Маслова;4633037132;1,15463E+12;д. Студенок, ул. Советская, д. 2, к. б;д. Студенок, ул. Советская, д. 2, к. б;8-47148-5-66-63;muprkh@yandex.ru;http://muprkh.уксайт.рф/;31;71813,3;71,5
8934187;Курская область;"МУП ""УК Желенодорожная""";МУП УК Желенодорожная;Михаил Николаевич Потапов;4632212350;1,16463E+12;г. Курск, ул. Союзная, д. 63;г. Курск, ул. Союзная, д. 63;(4712) 34-19-86;yk.jd@mail.ru;ук-жд.рф;19;42828,78;36,5
8936775;Курская область;"МУНИЦИПАЛЬНОЕ УНИТАРНОЕ ПРЕДПРИЯТИЕ ""УПРАВЛЯЮЩАЯ КОМПАНИЯ ""СЕЙМСКАЯ""";"МУП ""УК ""СЕЙМСКАЯ""";Сергей Георгиевич Вялых;4632211571;1,16463E+12;г. Курск, ул. Обоянская, д. 15;г. Курск, ул. Обоянская, д. 15;(4712) 55-46-35;mup.uk.seimskay@yandex.ru;;1;1647,1;20
8933079;Курская область;"Муниципальное Унитарное Предприятие ""Управляющая компания ""Центральная""";"МУП ""УК ""Центральная""";Алексей Владимирович Пашнев;4632212173;1,16463E+12;г. Курск, ул. Почтовая, д. 13;г. Курск, ул. Почтовая, д. 13;8(4712)51 35 55;mup-uk-centralnaya@yandex.ru;;3;13956,5;31
8225950;Курская область;"ООО ""Городская комммунальная служба""";"Общество с ограниченной ответственностью ""Городская комммунальная служба""";Игорь Александрович Стреков;4620008590;1,08462E+12;г. Рыльск, ул. Ленина, д. 52, п. Второй этаж;г. Рыльск, ул. Ленина, д. 52, п. Второй этаж;84715222697;murad.sabirovich@mail.ru;https://komunal.jimdo.com/;90;59868,1;32
8917758;Курская область;"Общество с ограниченной ответственностью ""Аврора+""";"ООО ""Аврора+""";Андрей Юрьевич Конорев;4632190392;1,14463E+12;г. Курск, ул. Цюрупы, д. 3, п. офис 1;г. Курск, ул. Ухтомского, д. 7, п. офис 3;306-008;ukavroraplus@yandex.ru;www.ук-аврора.рф;109;348648,34;34
8140428;Курская область;"Общество с ограниченной ответственностью ""Аргумент""";"ООО ""Аргумент""";Юрий Васильевич Шкурков;4634010158;1,08461E+12;г. Курчатов, ул. Набережная, д. 4;г. Курчатов, ул. Набережная, д. 4;(47131)4-26-43;blgorod@rambler.ru;www.blgorod1.ru;31;312026,46;84,5
8934732;Курская область;"Общество с ограниченной ответственностью ""АТОМГРАД""";"ООО ""АТОМГРАД""";Юрий Васильевич Шкурков;4634012405;1,16463E+12;г. Курчатов, пр-кт. Коммунистический, д. 21, п. 16;г. Курчатов, пр-кт. Коммунистический, д. 21, п. 16;89510837056;uk-atomgrad@rambler.ru;www.uk-atomgrad.ru;4;46055,6;29,5
8140407;Курская область;"Общество с ограниченной ответственностью ""Благоустроенный город""";"ООО ""Благоустроенный город""";Юрий Васильевич Шкурков;4634009970;1,08461E+12;г. Курчатов, ул. Садовая, д. 13А;г. Курчатов, ул. Садовая, д. 13А;(47131)4-26-43;blgorod@rambler.ru;www.blgorod.ru;28;241838,14;87
8923889;Курская область;"общество с ограниченной ответственностью ""Газсервис""";"ООО ""Газсервис""";Игорь Алексеевич Умрихин;4630023131;1,0246E+12;г. Курск, ул. Энгельса, д. 171, к. А, п. 210;г. Курск, ул. Энгельса, д. 171, к. А, п. 210;8(4712)39-69-86;gs.kursk@yandex.ru;www.курскгазопровод.рф/uk;2;793;21
8744742;Курская область;"ООО ""Городская Управляющая Компания №1""";"ООО ""Городская Управляющая Компания №1""";Александр Евгеньевич Лытнев;4632165364;1,12463E+12;г. Курск, ул. Станционная, д. 35;г. Курск, ул. Станционная, д. 35;(4712) 51-04-16  (4712) 77-03-95;ski146@yandex.ru;гук-1.рф;113;457339,83;36,5
8181391;Курская область;"Общество с ограниченной ответственностью ""Городская Управляющая Компания №2""";"ООО ""Городская Управляющая Компания №2""";Александр Евгеньевич Лытнев;4632160077;1,11463E+12;г. Курск, ул. Сумская, д. 43А;г. Курск, ул. Сумская, д. 43А;(4712) 330517;GUK-II@mail.ru;www.guk-2.uk46.ru;131;487985,92;38
8921372;Курская область;"ООО ""Городская Управляющая Компания №2"" (4632198440)";"ООО ""ГУК №2"" (4632198440)";Александр Евгеньевич Лытнев;4632198440;1,14463E+12;г. Курск, ул. Сумская, д. 43, стр. А;г. Курск, ул. Сумская, д. 43, стр. А;33-05-17;UK-GUK-2@yandex.ru;www.гук2курск.рф;18;175737,21;34,5
8938690;Курская область;"Общество с ограниченной ответственностью ""Единство плюс""";"ООО ""Единство плюс""";Сергей Михайлович Дунаев;4611014910;1,17463E+12;п. Камыши, д. 4, п. 14;п. Камыши, д. 4, п. 14;89107308698;edinstvo.plus@bk.ru;;10;18512,29;27,5
7652431;Курская область;"Общество с ограниченной ответственностью ""Жилищник""";"ООО ""Жилищник""";Евгений Алексеевич Безбабных;4610006709;1,07462E+12;пгт. Коренево, ул. им Крупской, д. 109, к. А;пгт. Коренево, ул. им Крупской, д. 109, к. А;(47147) 2-16-47;zilicthnik@mail.ru;http://ооо-жилищник.рф/;30;29460,2;38,5
8192475;Курская область;"Общество с ограниченной ответственностью ""ЖилКомСервис""";"ООО""ЖилКомСервис""";Людмила Борисовна Чаплыгина;4625004849;1,0546E+12;г. Фатеж, ул. Советская, д. 19;г. Фатеж, ул. Советская, д. 19;89081253727;GilKomServisF@yandex.ru;http://fatzhilkomservi.ucoz.ru;22;39402,5;49,5
8246759;Курская область;"ООО ""Жилкомсервис п.Возы""";"ООО ""Жилкомсервис п.Возы""";Сергей Александрович Дородных;4618003996;1,10461E+12;п. Возы, ул. Советская, д. 7;п. Возы, ул. Советская, д. 7;8471-35-3-42-14;gilkomservisvozi@mail.ru;;18;16622,12;35,5
8096225;Курская область;Общество с ограниченной ответственностью «Жилремсервис-1»;"ООО ""Жилремсервис-1""";Юрий Анатольевич Сотников;4634011088;1,11461E+12;г. Курчатов, ул. Энергетиков, д. 7, п. 706;г. Курчатов, ул. Энергетиков, д. 18, п. офис 1;(47131)4-65-31;OOOGRS01@gmail.com;kurchatov.info;6;46465,47;70
8287191;Курская область;Общество с ограниченной ответственностью Жилсервис;"ООО ""Жилсервис""";Александр Анатольевич Доценко;4632067511;1,06463E+12;г. Курск, ул. Дзержинского, д. 9 А, п. 12;г. Курск, пр-кт. Дружбы, д. 19Б;39-07-25;gilservis.g@yandex.ru;http://zhilservis.uk46.ru/;7;114951,39;46
8937510;Курская область;"ОБЩЕСТВО С ОГРАНИЧЕННОЙ ОТВЕТСТВЕННОСТЬЮ "" ЖИЛСЕРВИС ЗЖБИ - 3 """;"ООО "" ЖИЛСЕРВИС ЗЖБИ - 3 """;Павел Николаевич Бутаков;4633039010;1,17463E+12;г. Железногорск, тер. Промплощадка-2, д. 1;г. Железногорск, ул. Ленина, д. 77;7 - 77 - 71  7 - 77- 67;ZhilservisZJBI3@mail.ru;http://жилсервисзжби3.уксайт.рф;3;27222,2;32
7726038;Курская область;"Общество с ограниченной ответственной ""Жилсервис Сейм""";"ООО ""Жилсервис Сейм""";Сергей Валерьевич Грищенко ;4632094931;1,08463E+12;г. Курск, ул. Серегина, д. 22;г. Курск, ул. Серегина, д. 15;55-46-35;zhilservis-seim@mail.ru;www.ukseim.ru;3;543,24;25,5
6953900;Курская область;"Общество с ограниченной ответственностью ""Жилсервис""Центр""";"ООО ""Жилсервис""Центр""";Андрей Вячеславович Холодов;4632094755;1,08463E+12;г. Курск, ул. Александра Невского, д. 23;г. Курск, ул. Александра Невского, д. 23;(4712) 51-30-91;zhilservis-centr@rambler.ru;www.zsc46.ru;81;18504,39;29
8930657;Курская область;"Общество с ограниченной ответственностью ""ЖилЦентр""";"ООО ""ЖилЦентр""";Дмитрий Константинович Раковский;4633037735;1,15463E+12;г. Железногорск, ул. Мира, д. 56;г. Железногорск, ул. Димитрова, д. 19;8(47148)3-40-30;zhilcentr-zhel@yandex.ru;www.zhylcentr.ru;4;19484,06;31
8137008;Курская область;"Общество с ограниченной ответственностью ""ЖКХ п.Прямицыно""";"ООО ""ЖКХ п.Прямицыно""";Владимир Алексеевич Пехов;4617005180;1,07461E+12;пгт. Прямицыно, ул. Коммунистическая, д. 73;пгт. Прямицыно, ул. Коммунистическая, д. 73;8(47142) 21152;GilKomHoz46@rambler.ru;pryamicino.rkursk/ru;16;22793,84;36
8177759;Курская область;"ОБЩЕСТВО С ОГРАНИЧЕННОЙ ОТВЕТСТВЕННОСТЬЮ ""ЖИЛИЩНО-КОММУНАЛЬНОЕ ХОЗЯЙСТВО СЕЛА МАНТУРОВО""";"ООО ""ЖКХ с.Мантурово""";Владимир Николаевич Черенков;4614004050;1,08461E+12;с. Мантурово, ул. Коммунистическая, д. 4;с. Мантурово, ул. Коммунистическая, д. 4;8(47155)2-12-30;mantzkh@yandex.ru;http://manturovo.i-gkh.ru;5;5480,4;75
7822462;Курская область;"Общество с ограниченной ответственностью ""Жилищно-коммунальное хозяйство села Сейм""";"ООО ""ЖКХ с.Сейм""";Сергей Николаевич Курлов;4614004043;1,08461E+12;с. Сейм, ул. Заводская, д. 7а;с. Сейм, ул. Заводская, д. 7а;8(47155)51535;ooogkhseim@mail.ru;http://man.rkursk.ru;24;34756,41;37
8921874;Курская область;"Общество с ограниченной ответственностью ""Жилищно-строительный кооператив №146""";"ООО ""ЖСК №146""";Дмитрий Юрьевич Маслов;4632184166;1,13463E+12;г. Курск, ул. Майский бульвар, д. 8, п. 93;г. Курск, ул. Майский бульвар, д. 8, п. первый подьезд;(4712)25-15-94. 89192119222;ooogsk146@mail.ru;ооожск146.рф;19;141548,42;32,5
8162859;Курская область;"Общество с ограниченной ответственностью ""Жилищно-эксплуатационный учаcток №2""";ООО ЖЭУ №2;Сергей Васильевич Аксенов;4634009924;1,08461E+12;г. Курчатов, ул. Ленинградская, д. 1;г. Курчатов, ул. Ленинградская, д. 1;8(47131)42875;ooogeu2@yandex.ru;geu2.ucoz.org;29;140235,4;85
7713212;Курская область;"Общество с ограниченной ответственностью ""ЖЭУ Волокно""";"ООО ""ЖЭУ Волокно""";Виктор Васильевич Акиншин;4632153591;1,11463E+12;г. Курск, ул. Менделеева, д. 47, п. офис 22;г. Курск, ул. Менделеева, д. 47, п. офис 22;8(4712)24-01-65  8(4712)24-03-22;zheu-volokno@mail.ru;http://zheu-volokno.ru/;88;369428,57;49
8918972;Курская область;"Общество с ограниченной ответственностью ""Жилищно-эксплуатационный участок г.Льгова""";"ООО ""ЖЭУ г.Льгова""";Светлана Владимировна Моргунова;4613012429;1,13461E+12;г. Льгов, ул. Комсомольская, д. 61а;г. Льгов, ул. Комсомольская, д. 61а;8(47140)2-17-44;jeyooo@rambler.ru;jeulgov.ucoz.ru;19;89019,3;68,5
8940269;Курская область;"Общество с ограниченной ответственностью ""КУРСКДОМСЕРВИС""";"ООО ""КДС""";Сергей Александрович Червяков ;4632236488;1,17463E+12;г. Курск, пер. Степной 1-й, д. 19;г. Курск, ул. Менделеева, д. 18А;8-950-871-45-42;kds-kyrsk@mail.ru;;4;14108;33
8407194;Курская область;"Общество с ограниченной ответственностью ""Коммунальная служба+""";"ООО ""Коммунальная служба+""";Татьяна Ивановна Маслова;4633033219;1,11463E+12;сл. Михайловка, пл. Петровская, д. 3;п. Магнитный, ул. Железнодорожная, д. 1;8-47148-7-27-45;komsluzhba-m@yandex.ru;;11;14409;25,5
8940050;Курская область;"Общество с ограниченной ответственностью ""Коммунальный центр""";"ООО ""Коммунальный центр""";Ирина  Александровна Дмитриева ;4632228173;1,17463E+12;г. Курск, ул. Чехова, д. 8А, п. 17;г. Курск, ул. Чехова, д. 8А, п. 17;8-4712-51-35-5;uk-komcentr@yandex.ru;;1;6062,6;23
8918487;Курская область;"Общество с ограниченной ответственностью ""Коммунальщик""";"ООО ""Коммунальщик""";Сергей Васильевич Чебанов;4633019359;1,06463E+12;сл. Михайловка, пл. Петровская, д. 3;п. Тепличный, ул. Лесная, д. -;84714875646;kommunalshik046@mail.ru;http://www.kommunalshik.mу1.ru;6;17970;31
8196086;Курская область;"Общество с ограниченной ответственностью ""Кочинов и К""";"ООО ""Кочинов и К""";Владлена Владимировна Пономарева;4632037651;1,03464E+12;г. Курск, ул. Белинского, д. 4, п. офис 53;г. Курск, ул. Белинского, д. 4, п. офис 53;52-16-08;uk-kochinov@yandex.ru;kochinov.ru;2;5806;25
8936527;Курская область;"Общество с ограниченной ответственностью ""Кристалл""";"ООО ""Кристалл""";Александр Михайлович Кузьмин;4634009138;1,06461E+12;г. Курчатов, ул. Гайдара, д. 8, п. 94;г. Курчатов, ул. Гайдара, д. 8, п. 94;89 513 134 325;aleksandr_kuzmin_56@list.ru;;4;19969,8;25
8913441;Курская область;"Общество с ограниченной ответственностью ""Курская управляющая домовая компания""";"ООО ""Курская управляющая домовая компания""";Виктория Викторовна Дворцова;4632166720;1,12463E+12;г. Курск, пр-кт. Вячеслава Клыкова, д. 54, п. 207;г. Курск, пр-кт. Дружбы, д. 4-Б, п. 2 этаж,;4712-227-237;;http://kudk.umi.ru/;15;80825,77;34
7865500;Курская область;"ООО ""Курск - Жилсервис""";"ООО ""Курск - Жилсервис""";Владимир Дмитриевич Ерохин;4632055668;1,05464E+12;г. Курск, пр-кт. Хрущева, д. 28, п. 103;г. Курск, пр-кт. Хрущева, д. 28, п. 103;394477;ooo.tsgkurskgilservis@mail.ru;www.ukkur.ru;7;46174,32;37,5
8929346;Курская область;"Общество с ограниченной отвественностью ""Курский Двор""";"ООО ""Курский Двор""";Игорь Васильевич Морозов;4632208508;1,15463E+12;г. Курск, пер. Элеваторный, д. 2;г. Курск, пер. Элеваторный, д. 2;+7 (4712) 55-95-07  55-95-06;kurskdvor@yandex.ru;http://www.kurskiydvor.org;170;141337,95;53
8916608;Курская область;"Общество с ограниченной ответственностью ""КУРЧАТОВ ПАРК""";"ООО ""КУРЧАТОВ ПАРК""";Валерий Николаевич Демин;4634011970;1,14461E+12;г. Курчатов, ул. Энергетиков, д. 4, п. 109;г. Курчатов, ул. Строителей, д. 7, стр. А;4-73-14;K.Park-2014@yandex.ru;uk-kurchatov.ru;25;160927,47;33,5
8232366;Курская область;"Общество с ограниченной ответственностью ЛюксИнвест""";ООО ЛюксИнвест;Лариса Владимировна Холявская;4632101064;1,08463E+12;г. Курск, ул. Володарского, д. 70, п. 6;г. Курск, ул. Володарского, д. 70, п. 6;(4712)74-00-71;luxinvest46@yandex.ru;luxinvest46.ru;14;135360,9;36
8937871;Курская область;"ОБЩЕСТВО С ОГРАНИЧЕННОЙ ОТВЕТСТВЕННОСТЬЮ ""МАГНИТНЫЙ""";"ООО ""МАГНИТНЫЙ""";АНДРЕЙ  ПАВЛОВИЧ БОРЧУКОВ ;4633039130;1,17463E+12;п. Магнитный, ул. Железнодорожная, д. 1, п. 2;п. Магнитный, ул. Железнодорожная, д. 1, п. 2;79045277408;magnitny46@mail.ru;magnitny46@mail.ru;5;12562,1;27,5
8920765;Курская область;"ООО ""Наш дом""";"ООО ""Наш дом""";Александр Георгиевич Дудников;4633019905;1,07463E+12;г. Железногорск, ул. Димитрова, д. 22;г. Железногорск, ул. Димитрова, д. 22;8-47148-5-38-98;nd.elena@yandex.ru;www.nashdom-uk.ru;2;32951,9;34,5
8922677;Курская область;"Общество с ограниченной ответственностью ""Наше жильё""";"ООО ""Наше жильё""";Елена Вениаминовна Белая;4632188019;1,14463E+12;г. Курск, ул. Парижской Коммуны, д. 71, п. 61;г. Курск, ул. Союзная, д. 10А;34-02-12;ELENA1961-1961@yandex.ru;наше-жильё46.рф;2;9481,1;31
8074215;Курская область;"ООО ""НИАГАРА +""";"ООО ""НИАГАРА+""";Андрей Геннадьевич Бельдей;4607005286;1,08461E+12;м. Свобода, ул. Почтовая, д. 40;м. Свобода, ул. Почтовая, д. 40;8(47151)41456;plus.niagara@yandex.ru;niagaraplus.ru;13;14226,8;26
8167726;Курская область;"Общество с ограниченной ответственностью : ""Новоандросовское жилищно-коммунальное хозяйство""";"ООО ""Новоандросовское ЖКХ""";Александр Васильевич Митяев;4633019609;1,07463E+12;п. Новоандросово, ул. Советская, д. 1;п. Новоандросово, ул. Советская, д. 1;8(47148)78-3-10;Nagkh@yandekx.ru;нет;3;3737;28,5
8131925;Курская область;"ООО ""Независимая Управляющая Компания""";"ООО ""НУК""";Михаил Григорьевич Смолин;4633032960;1,11463E+12;г. Железногорск, пер. Больничный, д. 2;г. Железногорск, ул. Рокоссовского, д. 7, к. Б;8(47148)7-76-16;uk-nuk46@yandex.ru;www.uk-nuk.ru;16;70440,35;35,5
8928697;Курская область;"Общество с ограниченной ответственностью "" Первая городская управляющая компания""";"ООО ""Первая городская управляющая компания""";Леонид Сергеевич Артамонов;4632127231;1,10463E+12;г. Курск, ул. Гаражная, д. 1;г. Курск, ул. Гаражная, д. 1;74-00-34, 8-910-219-68-03;ooopguk@mail.ru;pguk46.ru;3;8132,8;74
8931818;Курская область;"ОБЩЕСТВО С ОГРАНИЧЕННОЙ ОТВЕТСТВЕННОСТЬЮ ""ПЕРСПЕКТИВА""";"ООО ""ПЕРСПЕКТИВА""";Виктор Степанович Кравцов;4632198169;1,14463E+12;г. Курск, ул. 50 лет Октября, д. 100А, п. 4;г. Курск, ул. 50 лет Октября, д. 100А, п. 4;+7 (4712) 74-03-10, +7 (4712) 74-03-11;perspektiva-kursk46@yandex.ru;kursk-perspektiva.ru;7;78544,94;37
8928191;Курская область;"Общество с ограниченной ответственностью ""Созвездие""";"ООО ""Созвездие""";Александр Александрович Толмачев;4632196161;1,14463E+12;г. Курск, ул. Семеновская, д. 74, п. офис 1;г. Курск, ул. 50 лет Октября, д. 100, п. офис 7;8-4712-55-15-89;sozvezdie46@yandex.ru;www.sozvezdie46kursk.ru;20;88900,4;32
8922324;Курская область;Общество с Ограниченной ответственностью «Спецстрой Курск»;ООО «Спецстрой Курск»;Эдуард Викторович Кошелев;4632134165;1,14463E+12;г. Курск, ул. Литовская, д. 93;г. Курск, пер. Малиновый 2-й, д. 5;4712330110;specstroykursk@mail.ru;спецстройкурск.рф;24;40148,8;27,5
8940507;Курская область;"Общество с ограниченной ответственностью ""Стриж""";"ООО ""Стриж""";Оксана Дмитриевна Стрижкова;4632240773;1,18463E+12;г. Курск, ул. Студенческая, д. 20, п. офис 1;г. Курск, ул. Студенческая, д. 20, п. офис 1;8(4712)51-90-74;ksenia_strizh@mail.ru;;2;17620,9;27
8430932;Курская область;"Общество с ограниченной ответственностью ""СтройИнжСервис""";"ООО ""СтройИнжСервис""";Николай Викторович Музыченко;4611011726;1,11461E+12;г. Курск, ул. Республиканская, д. 1Б, п. 304;д. Щетинка, снт. Химфарм, д. 6В;8(4712)360318;343008@mail.ru;www.strinsrv.ru;1;2551,7;20,5
8919005;Курская область;"Общество с ограниченной ответственностью ""Теткинское многоотраслевое управляющее предприятие жилищно-коммунального хозяйства""";"ООО ""Теткинское МУП ЖКХ""";Виктор Витальевич Погребной;4603005599;1,09462E+12;пгт. Теткино, ул. Первомайская, д. 1;пгт. Теткино, ул. Первомайская, д. 1;(471 32) 2-44-53;TetkinoMUPGKX@yandex.ru;Теткиножкх.рф;36;16335,48;43
8916629;Курская область;ООО «Товарищество собственников жилья»;ООО «ТСЖ»;Елена Алексеевна Кобзарева;4633020139;1,07463E+12;г. Железногорск, ул. Л.Голенькова, д. 4, стр. А;г. Железногорск, ул. Мира, д. 63;(47148) 7-68-98;tszh-zheleznogorsk@ya.ru;http://tsz46.ru/uk/;3;27049,8;33,5
8774683;Курская область;"ООО ""ТСЖ Восход - Управдом""";"ООО ""ТСЖ Восход - Управдом""";Вера Васильевна Евстигнеева;4632103470;1,09463E+12;г. Курск, ул. Александра Невского, д. 13В/2;г. Курск, ул. Александра Невского, д. 13В/2;8-4712-38-90-69;tsj.voskhod@yandex.ru;www.tsgvu.ru;14;101115,76;56
8278464;Курская область;"Общество с ограниченной ответственностью ""ТСЖ-Инженер""";"ООО ""ТСЖ-Инженер""";Игорь Геннадьевич Зуборев;4632081379;1,07463E+12;г. Курск, пр-кт. Хрущева, д. 32, п. 2 литер А офис 5;г. Курск, пр-кт. Хрущева, д. 32, п. 2 литер А офис 5;397040  397041;tsg.ingener@gmail.com;http://tsg-ingener.ru/;10;71847,9;82,5
8935811;Курская область;"ОБЩЕСТВО С ОГРАНИЧЕННОЙ ОТВЕТСТВЕННОСТЬЮ ""УПРАВЛЯЮЩАЯ КОМПАНИЯ-3""";"ООО ""УК-3""";Ольга Павловна Тарасова;4633038792;1,16463E+12;г. Железногорск, ул. Горняков, д. 27;г. Железногорск, ул. Горняков, д. 27;8(47148)76925;info@ukzhil.ru;http://uk46-3.ru/;43;399993,53;30,5
8135590;Курская область;"Общество с ограниченной ответственностью Управляющая компания ""Айсберг +""";"ООО УК ""Айсберг +""";Валерий Александрович Плеханов;4608005722;5,08461E+12;пгт. Олымский, ул. 20 лет Победы, д. 3;пгт. Олымский, ул. 20 лет Победы, д. 3;84715766853;oooajsberg@yandex.ru;http://uk-iceberg.ru/;32;38578,01;52
8922306;Курская область;"Общество с ограниченной ответственностью ""Управляющая компания""Альпари""";"ООО ""УК""Альпари""";Евгений Иванович Галкин;4632197084;1,14463E+12;г. Курск, ул. Офицерская 1-я, д. 112;г. Курск, пер. Малиновый 2-й, д. 5;360079;palpari@mail.ru;ук-альпари.рф;33;13937,35;27
8936438;Курская область;"Общество с ограниченной ответственностью Управляющая компания ""Альфа""";"ООО УК ""Альфа""";Сергей Александрович Родионов;4632223591;1,16463E+12;г. Курск, ул. Карла Маркса, д. 43, п. 1;г. Курск, ул. Карла Маркса, д. 43, п. 1;8-920-408-47-75;uk-alfa.sm@yandex.ua;http://mcalfa.ru/;4;99879,3;33
8924146;Курская область;"Общество с ограниченной ответственностью Управляющая компания ""БЛАГОУСТРОЙСТВО""";"ООО УК ""БЛАГОУСТРОЙСТВО""";Наталья Васильевна Глаголева;4632202739;1,15463E+12;г. Курск, ул. Пучковка, д. 17В, п. офис 2;г. Курск, ул. Пучковка, д. 17В, п. офис 2;8(4712)39-96-97;ykblago@yandex.ru;http://ukblagoustrojstvo.ru/;23;137151,42;30
8914744;Курская область;"Общество с ограниченной ответственностью ""Управляющая компания Виктория""";"ООО ""УК Виктория""";Светлана Григорьевна Беседина;4632183317;1,13463E+12;г. Курск, ул. Ватутина, д. 23, п. 1;г. Курск, ул. Ватутина, д. 23, п. 1;51-10-12;kursk-viktoria@mail.ru;new.ukviktoria.ru;25;150766,14;58,5
8923125;Курская область;"Общество с ограниченной ответственностью ""Управляющая компания Глушково""";"ООО ""УК Глушково""";Алексей Борисович Сергеев;4603008818;1,13462E+12;рп. Глушково, ул. Советская, д. 8;рп. Глушково, ул. Советская, д. 8;89092386550;oooukglushkovo@yandex.ru;http://glushkovo.rkursk.ru/;21;23265;25
8045501;Курская область;"Общество с ограниченной ответственностью ""Управляющая компания города Обоянь""";"ООО ""УК города Обоянь""";Сергей Васильевич Звягинцев;4616007610;1,08462E+12;г. Обоянь, ул. Луначарского, д. 22;г. Обоянь, ул. Луначарского, д. 22;8 (47141) 2-15-07;zvygintsev@yandex.ru;http://uk-oboyan.ucoz.net;64;57523,72;56
8913439;Курская область;"Общество с ограниченной ответственностью ""УК ДОМКОМ""";"ООО ""УК ДОМКОМ""";Иван Сергеевич Иванов;4632112644;1,09463E+12;г. Курск, пер. Аэродромный 1-й, д. 22;г. Курск, ул. Радищева, д. 85;;;;6;73034,93;22
8011186;Курская область;"Общество с ограниченной ответственностью ""Управляющая компания ""Жилищник""";"ООО ""УК ""Жилищник""";Ольга Павловна Тарасова;4633023595;1,10463E+12;г. Железногорск, ул. Горняков, д. 27;г. Железногорск, ул. Горняков, д. 27;84714876925;info@ukzhil.ru;www.ukzhil.ru;6;68051,93;34,5
8920912;Курская область;"ОБЩЕСТВО С ОГРАНИЧЕННОЙ ОТВЕТСТВЕННОСТЬЮ ""УПРАВЛЯЮЩАЯ КОМПАНИЯ ЖИЛИЩНОЕ ХОЗЯЙСТВО""";"ООО ""УК ЖИЛИЩНОЕ ХОЗЯЙСТВО""";Руслан Викторович Иванов;4632197750;1,14463E+12;г. Курск, ул. Никитская, д. 10, п. 6;г. Курск, пер. Элеваторный, д. 2;559506, 559508;uk.jh@yandex.ru;http://ukjh46.ru/;10;9653;27
8923364;Курская область;"Общество с ограниченной ответственностью ""УК ЖИЛОЙ ДОМ""";"ООО ""УК ЖИЛОЙ ДОМ""";Инна Анатольевна Кулешова;4632201630;1,15463E+12;г. Курск, ул. Ленина, д. 2;г. Курск, ул. Ленина, д. 2, п. 2 этаж;7471177;;;7;46597,7;31
8922158;Курская область;"Общество с ограниченной ответственностью управляющая компания ""Жилсервис""";"ООО УК ""Жилсервис""";Сергей Валерьевич Грищенко;4632198680;1,15463E+12;г. Курск, ул. Ленина, д. 77Б, п. 413б;г. Курск, пр-кт. Кулакова, д. 24, п. 409;89307607944;gilservis.46@yandex.ru;ukgilserviskursk.reformagkh.ru;162;76568,16;33
8920804;Курская область;"Общество с ограниченной ответственностью УК ""Жилсервис""";"ООО УК ""Жилсервис""";Юрий Григорьевич Павлов;4634012028;1,15461E+12;п. К.Либкнехта, ул. Коммунальная, д. 5;п. К.Либкнехта, ул. Коммунальная, д. 5;8 (47131)9-13-39;gkx.pavlov@yandex.ru;uk-jilservis.umi.ru;36;135635,3;49
8921039;Курская область;"Общество с ограниченной отвественностью Управляющая компания ""Жилсервис ""Центр""";"ООО УК ""Жилсервис ""Центр""";Андрей Вячеславович Холодов;4632195249;1,14463E+12;г. Курск, ул. Александра Невского, д. 23, п. 11;г. Курск, ул. Александра Невского, д. 23, п. 11;8(4712)51-30-91;ukzsc46@gmail.com;http://www.ukzsc46.com;143;204749,58;33
8935646;Курская область;"Общество с ограниченной отвественностью управляющая компания ""ЖИЛСЕРВИС-ЦЕНТР""";"ООО  УК ""ЖИЛСЕРВИС-ЦЕНТР""";Андрей Вячеславович Холодов;4632221058;1,16463E+12;г. Курск, ул. Александра Невского, д. 23, п. 44-48;г. Курск, ул. Александра Невского, д. 23, п. 44-48;74712513091;ukzs-c@yandex.ru;http://www.ukzsc46.wixsite.com/ukzsc461;10;15638,96;31
8244668;Курская область;"Общество с ограниченной ответственностью ""Управляющая компания жилищно-коммунального хозяйства п.Солнечный""";"ООО ""УК ЖКХС""";Дмитрий Николаевич Епишев;4607005310;1,08461E+12;п. Солнечный, ул. Новая, д. 1;п. Солнечный, ул. Мира, д. 1 А;8 (47151)23095;ukgkhs@mail.ru;http://www.солнечный.вжкх.рф;15;55492,7;32
8938308;Курская область;"ОБЩЕСТВО С ОГРАНИЧЕННОЙ ОТВЕТСТВЕННОСТЬЮ ""УК ЖИЛИЩНО-ЭКСПЛУАТАЦИОННОЕ УПРАВЛЕНИЕ СЕЙМ 1""";"ООО ""УК ЖЭУ СЕЙМ 1""";Илья Васильевич Картамышев;4632229025;1,17463E+12;г. Курск, ул. Агрегатная 2-я, д. 43А, п. 28;г. Курск, ул. 50 лет Октября, д. 100А;+7(4712) 200-205;szukseim@yandex.ru;;6;24181,39;33,5
8450426;Курская область;"Общество с ограниченной ответственностью Управляющая компания ""Заказчик""";"ООО УК ""Заказчик""";Валентина Николаевна Бойко;4608005602;1,08461E+12;пгт. Новокасторное, ул. Железнодорожная, д. 57;пгт. Новокасторное, ул. Железнодорожная, д. 57;89510809157;denisov19781@mail.ru;http://ук-заказчик.рф;37;24146,2;
8152749;Курская область;"Общество с огрониченной ответственностью  Управляющая компания ""Заказчик Касторное""";"ООО УК ""Заказчик Касторное""";Александр Александрович Маслихов;4608005627;1,08461E+12;рп. Касторное, ул. Энергетиков, д. 1;рп. Касторное, ул. Энергетиков, д. 1;(7157) 2-21-34;kastornoe-zakaz@yandex.ru;ooo-uk-zakazchik-kastornoje.webnode.ru;20;18138,6;34
8195614;Курская область;"Общество с ограниченной ответственностью ""УК ""Комфорт""";"ООО ""УК ""Комфорт""";Виктор Анатольевич Сухоруков;4633036428;1,14463E+12;г. Железногорск, ул. Ленина, д. 63;г. Железногорск, ул. Ленина, д. 63;84714876156;uk.komfort13@gmail.com;http://komfort46.ru;30;329272,14;37
8116461;Курская область;Общество с ограниченой ответственность;"ООО УК ""Ком Центр""";Юлия Александровна Лукьянчикова;4632165685;1,12463E+12;г. Курск, ул. Чехова, д. 8, стр. Литер А1, п. 11;г. Курск, ул. Чехова, д. 8, стр. Литер  А1, п. 11;+7(4712) 51 -35 - 55;uk-komcentr@yandex.ru;uk-komcentr.ru;58;254891,99;32,5
8938552;Курская область;"ОБЩЕСТВО С ОГРАНИЧЕННОЙ ОТВЕТСТВЕННОСТЬЮ ""УК ""КУРС""";"ООО ""УК ""КУРС""";Роман Юрьевич Шевцов;4633039186;1,17463E+12;г. Железногорск, ул. Ленина, д. 90, к. 3;г. Железногорск, проезд. Заводской, д. 11;8(47148)7-60-23;ooo-uk-kurs@yandex.ru;www.ykkurs.ru;20;109688,83;33
8004279;Курская область;ООО Управляющая компания Курска;ООО УК Курска;Юрий Иванович Мяснянкин;4632158416;1,11463E+12;г. Курск, ул. Школьная, д. 7, п. кабинет 15;г. Курск, ул. Школьная, д. 7;399696;ykkursk@gmail.com;kursk-uk.ru;320;1326178,64;50
8343566;Курская область;"Общество с ограниченной ответственностью ""Управляющая компания Курский завод КПД им. А.Ф. Дериглазова""";"ООО ""УК Курский завод КПД им. А.Ф. Дериглазова""";Елена Алексеевна Коржова;4632178282;1,13463E+12;г. Курск, пр-кт. Вячеслава Клыкова, д. 8, п. 22;г. Курск, пр-кт. Победы, д. 2, п. 4;39-14-46  78-78-98;ukkzkpd.kur.social@yandex.ru;ukkpd.com;101;1662412,8;37
8128231;Курская область;"Общество с ограниченной ответственностью ""УК Курского района""";"ООО ""УК Курского района""";Михаил Павлович Денисов;4611012102;1,12461E+12;п. Маршала Жукова, кв-л. 6-й, д. 5;п. Маршала Жукова, кв-л. 6-й, д. 5;8(4712)720225;yk-kursk-r@yandex.ru;http://www.yk46zdes.ru/;19;29602,41;37,5
8931149;Курская область;"ООО УК ""КурскСпецУправление""";"ООО УК ""КурскСпецУправление""";Валентина Анатольевна Дурач;4632186501;1,14463E+12;г. Курск, ул. Белинского, д. 4, к. 1;г. Курск, ул. Белинского, д. 4, к. 1;4712510086;ukkspkursk@mail.ru;http://курскспецуправление.рф;1;10087,04;34,5
8155340;Курская область;"Общество с ограниченной ответственностью ""Управляющая компания Курчатовец""";"ООО""УК Курчатовец""";Валентин Азатович Нерсесьян;4634011296;1,11461E+12;г. Курчатов, ул. Молодежная, д. 8, лит. А, п. 1 комната 1;г. Курчатов, ул. Молодежная, д. 8;4713148297;nersesyan.valentin@yandex.ru;kurchatov.info;21;136507,47;74
8914301;Курская область;"Общество с ограниченной ответственностью ""Управляющая компания ""МАЯК""";"ООО ""УК""МАЯК""";Татьяна Олеговна Давыдова;4629048501;1,03464E+12;г. Курск, ул. Маяковского, д. 48А, п. 14;г. Курск, ул. Маяковского, д. 48А, п. 14;+7(4712)36-04-24;maiack.t@yandex.ru;ukmajak.ru;11;36118,19;47,5
8924012;Курская область;"Общество с ограниченной ответственностью ""УК МСО-СЕРВИС""";"ООО ""УК МСО-СЕРВИС""";Денис Олегович Становых;4633036749;1,15463E+12;г. Железногорск, проезд. Заводской, д. 8;г. Железногорск, ул. Никитина, д. 9;8 (47148) 4 97 71;uk-mso-servis@yandex.ru;http://www.мсо-сервис.рф;10;91494,2;35
8921648;Курская область;"Общество с ограниченной ответственностью ""Управляющая компания ""МУП ЕРЦ""";"ООО ""УК ""МУП ЕРЦ""";Николай Алексеевич Капранов;4633035583;1,13463E+12;г. Железногорск, ул. 21 Партсъезда, д. 11;г. Железногорск, ул. Ленина, д. 54;84174877191;admin@uk-muperc.ru;www.uk-muperc.ru;37;193040,7;35,5
8940552;Курская область;"Общество с ограниченной ответственностью ""Управляющая компания ""Народная""";"ООО ""УК ""Народная"""; Юрий  Анатольевич Воронцов ;4632241657;1,18463E+12;г. Курск, п. Аккумулятор, д. 21В, п. 15;г. Курск, п. Аккумулятор, д. 21В, п. 15;787590;yk-narodnaya46@yandex.ru;;9;22745,52;
8182124;Курская область;"Общество с ограниченной ответственностью Управляющая компания ""Наш дом""";"ООО УК ""Наш дом""";Светлана Анатольевна Григорьева;4632168943;1,12463E+12;г. Курск, ул. Дружининская, д. 24;г. Курск, ул. Дружининская, д. 24;(4712) 546839;uk-tsj@mail.ru;http://www.nashdomk.ru/;35;252340,64;36
8933427;Курская область;"Общество с ограниченной ответственностью ""Управляющая компания ""НУК";"ООО ""УК ""НУК""";Михаил Григорьевич Смолин;4633038175;1,16463E+12;г. Железногорск, ул. Димитрова, д. 3/5;г. Железногорск, ул. Рокоссовского, д. 7Б;8-47148-7-76-16;uknuk46@yandex.ru;uknuk.ru;29;132872,5;33,5
8159327;Курская область;Общество с ограниченной ответственностю управляющая компания Парижское;ООО УК Парижское;Андрей Александрович Ситников;4632105823;1,09463E+12;г. Курск, ул. Рабочая 2-я, д. 2, п. 1;г. Курск, ул. Парижской Коммуны, д. 34;(4712) 393954.393509;ukparizhskoe@gmail.com;http://ukparizhskoe.ru/;12;87783,4;37
8196873;Курская область;"Общество с ограниченной ответственностью ""Управляющая компания по жилищно-коммунальным услугам""";ООО «УК по ЖКУ»;Галина Борисовна Михайлова;4620008078;1,06462E+12;г. Рыльск, ул. Ленина, д. 63;г. Рыльск, ул. К.Либкнехта, д. 18;(47152)2 27 55;rylsk@uk46.ru;http://rylsk.uk46.ru, ReformaGKH.Ru ;44;53411,9;44,5
8935928;Курская область;"ОБЩЕСТВО С ОГРАНИЧЕННОЙ ОТВЕТСТВЕННОСТЬЮ УПРАВЛЯЮЩАЯ КОМПАНИЯ ""ПРОЕКТ""ЧЕСТНОЕ ЖКХ""";"ООО УК ""ПРОЕКТ""ЧЕСТНОЕ ЖКХ""";ЕВГЕНИЙ ВИКТОРОВИЧ ТАРАСОВ;4632221210;1,16463E+12;г. Курск, ул. Почтовая, д. 23, п. 11;г. Курск, ул. Почтовая, д. 23, п. 11;919 173 93 33;tarasoff.evgenij2018@yandex.ru;честное-жкх.рф;13;28364,5;29
7994466;Курская область;"Общество с ограниченной ответственностью ""Управляющая компания поселка Черемисиново""";"ООО ""УК п.Черемисиново""";Тамерлан Валериевич Годизов;4627003061;1,08463E+12;пгт. Черемисиново, ул. Комсомольская, д. 13;пгт. Черемисиново, ул. Советская, д. 6;(47159) 2-13-32;ukpcheremisinovo@yandex.ru;admposther@mail.ru;21;25840,4;31
8938231;Курская область;"Общество с ограниченной ответственностью ""Управляющая компания ""Светлана""";"ООО ""УК ""Светлана""";Анна Евгеньевна Горячих;4632201693;1,15463E+12;г. Курск, ул. Семеновская, д. 98, п. 22;г. Курск, ул. Семеновская, д. 98, п. 22;54-68-39;ooouk.svetlana@mail.ru;www.uk-svetlana46.ru;3;22610,57;28
7765510;Курская область;"Общество с ограниченной ответственностью ""Управляющая компания Своя квартира""";"ООО ""УК Своя квартира""";Елена Юрьевна Виноградова;4632090944;1,08463E+12;г. Курск, ул. Пионеров, д. 17;г. Курск, ул. Пионеров, д. 17;(4712)54-93-73 бухгалтерия, 270-373 - круглосуточная аварийно - диспетчерская служба;sk549373@mail.ru;http://укск-курск.рф/;11;125056,29;75,5
8918849;Курская область;"Общество с ограниченной ответственностью ""Управляющая Компания ""Северная""";"ООО ""УК Северная""";Елена Алексеевна Коржова;4632189380;1,14463E+12;п. Северный, пр-кт. Проспект Анатолия Дериглазова, д. 19, п. Х;п. Северный, пр-кт. Проспект Анатолия Дериглазова, д. 19, п. Х;(4712)76-03-02;uk.severnaya@yandex.ru;uksevernaya.com;47;798354,8;34
6953512;Курская область;"ООО ""Управляющая компания ""Северный дом""""";"ООО ""УК  ""Северный""";Раиса Дмитриевна Калинина;4632046695;1,04464E+12;г. Курск, ул. Карла Либкнехта, д. 22, п. 5;г. Курск, ул. Карла Либкнехта, д. 22, п. 5;(4712)25-23-43;uksevernyi@mail.ru;severdom46.ru;20;181347,78;72
7718570;Курская область;"Общество с ограниченной ответственностью ""Управляющая компания Сейм""";"ООО ""УК Сейм""";Валерий Васильевич Дроздов;4632158960;1,11463E+12;г. Курск, пр-кт. Кулакова, д. 35, к. литер В;г. Курск, ул. Серегина, д. 15;55-46-35;uk.seim@mail.ru;www.ukseim.ru;87;414559,51;50,5
8940867;Курская область;"Общество с ограниченной ответственностью Управляющая компания ""Соседи""";"ООО УК ""Соседи""";Евгений Юрьевич Андреев;4632235491;1,17463E+12;г. Курск, ул. Гагарина, д. 2, п. 25;г. Курск, проезд. Магистральный, д. 13в/1, п. офис 2;8-960-689-07-62;uksosedi@yandex.ru;uksosedikursk.ru;2;7167,2;
8921101;Курская область;"ООО ""Управляющая компания «СОЮЗНАЯ»";"ООО ""УК ""СОЮЗНАЯ""";Юрий Васильевич Киселев;4632185480;1,13463E+12;г. Курск, ул. Институтская, д. 42, к. а;г. Курск, ул. Ухтомского, д. 2, к. а;(4712) 34-25-24;soyuznaya@gmail.com;http://ук-союзная.домтсж.рф;7;32074,83;39,5
8184414;Курская область;Общество с ограниченной ответственностью Управляющая компания «Спецстрой»;ООО УК «Спецстрой»;Руслан Викторович Иванов;4632055562;1,05464E+12;г. Курск, ул. Октябрьская, д. 65;г. Курск, ул. Серегина, д. 22, к. В;33 13 00;specstroikursk@yandex.ru;http://спецстрой-курск.рф/;2;;15
8920911;Курская область;"ОБЩЕСТВО С ОГРАНИЧЕННОЙ ОТВЕТСТВЕННОСТЬЮ ""УПРАВЛЯЮЩАЯ КОМПАНИЯ СПЕЦСТРОЙ""";"ООО ""УК СПЕЦСТРОЙ""";Руслан Викторович Иванов;4632197768;1,14463E+12;г. Курск, ул. Никитская, д. 10, п. 4;г. Курск, пер. Элеваторный, д. 2;559507;specstroikursk@yandex.ru;http://specstroi46.ru/;12;3333,9;22
8600630;Курская область;"ОБЩЕСТВО С ОГРАНИЧЕННОЙ ОТВЕСТВЕННОСТЬЮ УПРАВЛЯЮЩАЯ КОМПАНИЯ ""СПЕЦСТРОЙ""";"ООО УК ""СПЕЦСТРОЙ""";Игорь Владимирович Сергеев;4632180940;1,13463E+12;г. Курск, ул. Сторожевая, д. 16/1;г. Курск, ул. Серегина, д. 22, к. В;4666;specstroikursk@yandex.ru;укспецстрой.рф;32;4698,7;25,5
8916324;Курская область;"Общество с ограниченной ответственностью ""УК ""ТАНДЕМ""""";"ООО ""УК ""ТАНДЕМ""""";Роман Юрьевич Шевцов;4633023926;1,10463E+12;г. Железногорск, ул. Ленина, д. 90, к. 3, п. 71;г. Железногорск, проезд. Заводской, д. 11, п. 5;8-(47148)-7-60-23;ooo-uk-kurs@yandex.ru;www.yk6.ru;5;28465,7;34
7705576;Курская область;"ООО Управляющая Компания ""Техническая служба жилсервиса""";"ООО УК ""ТСЖ""";Виктор Максимович Шевчук;4632110284;1,09463E+12;"г. Курск, ул. Карла Маркса, д. 65 ""В"", п. офис № 1";г. Курск, ул. Карла Маркса, д. 65В;39-16-18;oootsj@yandex.ru;www.uk-kursk.ru;36;277851,25;36
8922457;Курская область;"Общество с ограниченной ответственностью ""Управляющая компания ТСЖ-КПД""";"ООО ""УК ТСЖ-КПД""";Дмитрий Николаевич Кашин;4632193121;1,14463E+12;г. Курск, ул. Студенческая, д. 18;г. Курск, ул. Студенческая, д. 18;51-78-65;dvoriki-kursk@yandex.ru;www.tsgkpd.ru;1;4088,3;29
8409344;Курская область;"Общество с ограниченной ответственностью Управляющая компания ""Управдом""";"ООО Ук ""управдом""";Николай Петрович Клесов;4634011553;1,13461E+12;г. Курчатов, ул. Мира, д. 19;г. Курчатов, пр-кт. Коммунистический, д. 31;84713143418;klesov.nik@mail.ru;kurchatov.info;1;2232,85;26
8207872;Курская область;"Общество с ограниченной ответственностью ""Управляющая компания УЮТ""";"ООО ""УК УЮТ""";Сергей Эдуардович Шпигальских;4632158656;1,11463E+12;г. Курск, ул. Студенческая, д. 20, п. оф. 44;г. Курск, ул. Карла Маркса, д. 31А;31-21-26;yk-ujut@yandex.ru;http://yk-ujut.ru;1;9203,3;28
8667234;Курская область;"Общество с ограниченной ответственностью ""Управляющая Компания ""УЮТ""";"ООО ""УК""УЮТ""";Александр Юрьевич Лапин;4632182634;1,13463E+12;г. Курск, ул. Карла Маркса, д. 31А, п. оф. 3;г. Курск, ул. Карла Маркса, д. 31А, п. оф.3;70-00-51;yut.k46@yandex.ru;http://yut.k46.ru;8;62610,08;30
8933502;Курская область;"Общество с ограниченной ответственностью Управляющая компания ""УЮТ""";"ООО УК ""УЮТ""";Николай Петрович Клесов;4634012363;1,16463E+12;г. Курчатов, пр-кт. Коммунистический, д. 31, п. 216;г. Курчатов, пр-кт. Коммунистический, д. 31, п. 216;84713143418, 84713124214;yuot2016@mail.ru;http://www.kurchatov.info/;6;34828,14;34,5
8926100;Курская область;"Общество с ограниченной ответственностью ""Управляющая компания ""ЭКО ЛЕВ""";"ООО УК ""ЭКО ЛЕВ""";Илья Васильевич Картамышев;4632202369;1,15463E+12;г. Курск, ул. Орловская, д. 6, п. 72А;г. Курск, ул. 50 лет Октября, д. 102А;84 712 551 397;uk.eko.lev@mail.ru;http://эко-лев.рф/;2;5857,9;27
8933505;Курская область;"Общество с ограниченной ответственностью ""Управляющая компания ""Электропромсервис""";"ООО ""УК ""Электропромсервис""";Владимир Николаевич Толкачев;4633038182;1,16463E+12;г. Железногорск, ул. Димитрова, д. 3/5;г. Железногорск, проезд. Заводской, д. 11, п. 5;+7(47148)76026;meps46@yandex.ru;;5;21707,5;28
8241699;Курская область;Общество с ограниченной ответственностью Управляющая компания «Эльдекор комфорт»;ООО УК «Эльдекор комфорт»;Станислав Александрович Поляков;4632127224;1,10463E+12;г. Курск, ул. Челюскинцев, д. 23, п. офис 3;г. Курск, ул. Л.Толстого, д. 13;(4712)586731;eldekorkomfort.up@yandex.ru;www.eldekorkomfort.url.ph;6;52916,4;36,5
8228501;Курская область;"Общество с ограниченной ответственностью ""Управдом""";"ООО ""Управдом""";Анжелика Юрьевна Харитонова;4620014089;1,11462E+12;г. Рыльск, ул. Р.Люксембург, д. 40а;г. Рыльск, ул. Ленина, д. 52;(47152) 2 15 49;upravdom46@yandex.ru;;49;48221,5;26
8930266;Курская область;Общество с ограниченной ответственностью «УПРАВЛЯЮЩАЯ КОМПАНИЯ-1»;ООО «УПРАВЛЯЮЩАЯ КОМПАНИЯ-1»;Ольга Павловна Тарасова;4633037936;1,15463E+12;г. Железногорск, ул. Горняков, д. 27;г. Железногорск, ул. Горняков, д. 27;84714876925;info@ukzhil.ru;http://uk46-1.ru;94;419226,91;31,5
8930263;Курская область;Общество с ограниченной ответственностью «УПРАВЛЯЮЩАЯ КОМПАНИЯ-2»;ООО «УПРАВЛЯЮЩАЯ КОМПАНИЯ-2»;Ольга Павловна Тарасова;4633037929;1,15463E+12;г. Железногорск, ул. Горняков, д. 27;г. Железногорск, ул. Горняков, д. 27;84714876925;info@ukzhil.ru;http://uk46-2.ru/;70;446672,21;31,5
8930264;Курская область;Общество с ограниченной ответственностью «УПРАВЛЯЮЩАЯ КОМПАНИЯ-4»;ООО «УПРАВЛЯЮЩАЯ КОМПАНИЯ-4»;Ольга Павловна Тарасова;4633037943;1,15463E+12;г. Железногорск, ул. Горняков, д. 27;г. Железногорск, ул. Горняков, д. 27;84714876925;info@ukzhil.ru;http://uk46-4.ru;49;322127,98;30,5
8930265;Курская область;Общество с ограниченной ответственностью «УПРАВЛЯЮЩАЯ КОМПАНИЯ-5»;ООО «УПРАВЛЯЮЩАЯ КОМПАНИЯ-5»;Ольга Павловна Тарасова;4633037950;1,15463E+12;г. Железногорск, ул. Горняков, д. 27;г. Железногорск, ул. Горняков, д. 27;8-47148-7-69-25;info@ukzhil.ru;http://uk46-5.ru;48;396383,67;31,5
8147504;Курская область;"Общество с ограниченной ответственностью ""Управляющая компания ""Гармония""";"ООО ""Управляющая компания ""Гармония""";Андрей Петрович Хмелевской;4632125178;1,10463E+12;г. Курск, пр-кт. Хрущева, д. 22, п. 32;г. Курск, пр-кт. Хрущева, д. 22, п. 32;391153;ooo-nud2013@yandex.ru;www.uyut-46.ru;4;24045,5;32
8600641;Курская область;"ОБЩЕСТВО С ОГРАНИЧЕННОЙ ОТВЕСТВЕННОСТЬЮ УПРАВЛЯЮЩАЯ КОМПАНИЯ ""ЖИЛИЩНОЕ ХОЗЯЙСТВО""";"ООО УПРАВЛЯЮЩАЯ КОМПАНИЯ ""ЖИЛИЩНОЕ ХОЗЯЙСТВО""";Анна Александровна Чухарева;4632181430;1,13463E+12;г. Курск, ул. Карла Маркса, д. 72/5;г. Курск, ул. Серегина, д. 22, к. В;4612;uk.jh@yandex.ru;http://укжилищноехозяйство.рф/;7;2399,1;19,5
8065938;Курская область;"Общество с ограниченной ответственностью ""Управляющая компания Жилсервис-1""";"ООО ""Управляющая компания Жилсервис-1""";Александр Васильевич Комаров;4634009843;1,08461E+12;г. Курчатов, ул. Набережная, д. 3, п. 24;г. Курчатов, пр-кт. Коммунистический, д. 31, п. офис 114;473148922;gkhservis@mail.ru;http://zhilservis-uk.com/;1;3992,7;31,5
8939219;Курская область;"Общество с ограниченной ответственностью Управляющая компания ""Мой Дом""";"ООО Управляющая компания ""Мой Дом""";Инна Юрьевна Некрасова;4632234522;1,17463E+12;г. Курск, ул. Карла Либкнехта, д. 2, п. офис 56;г. Курск, ул. Чернышевского, д. 11, п. офис 213;8(4712)55-80-15;moy.dom.46@mail.ru;;6;19607,8;37,5
7714300;Курская область;"Общество с ограниченной отвветственностью "" ""Управляющая компания посёлка  Хомутовка""";"ООО ""Управляющая компания посёлка  Хомутовка""";Татьяна Ивановна Синикова;4626003855;1,07462E+12;рп. Хомутовка, ул. Советская, д. 18;рп. Хомутовка, ул. Советская, д. 18;84713721411;admin37@kursknet.ru;xomut.i-gkh.ru;41;48853;56,5
8929624;Курская область;"Общество с ограниченной ответственностью ""Управляющая компания Уютный дом""";"ООО ""Управляющая компания  Уютный дом""";Александр Васильевич Комаров;4634012123;1,15461E+12;г. Курчатов, ул. Гайдара, д. 3, п. 171;г. Курчатов, пр-кт. Коммунистический, д. 31, п. 114;8(47131)48922;uyutnyidom54@mail.ru;kurchatov.info;3;20391,8;23,5
7716338;Курская область;"Общество с ограниченной отвественностью ""Упраком""";"ООО ""Упраком""";Валерий Николаевич Баранов;4632101836;1,08463E+12;г. Курск, пр-кт. Хрущева, д. 24, п. 1-9;г. Курск, пр-кт. Хрущева, д. 24, п. 1-9;(4712)23-81-71;;www.uprakom.ru;13;90119,86;
8162847;Курская область;"Общество с ограниченной ответственностью ""Щигровская управляющая компания жилищно-коммунального хозяйства""";"ООО ""ЩУК ЖКХ""";Николай Валентинович Кондратов;4628006731;1,08463E+12;г. Щигры, ул. Большевиков, д. 10А;г. Щигры, ул. Большевиков, д. 10А;8(47145)4-21-12;Schukjkh@mail.ru;http://shcukjkh.site-gsk.ru/;178;266198,8;32
8937856;Курская область;"Товарищества собственников жилья ""Эласт""";"Товарищества собственников жилья ""Эласт""";Валентина Николаевна Логвинова ;4632056566;1,05464E+12;г. Курск, ул. Серегина, д. 22А;г. Курск, ул. Серегина, д. 22А;;;;1;14096,5;26,5
8644657;Курская область;Товарищество собственников жилья №101;ТСЖ №101;Лидия Ивановна Скоробогатых ;4632108091;1,09463E+12;г. Курск, ул. Серегина, д. 28;г. Курск, ул. Серегина, д. 28;(4712) 37-44-31;tsg_101@mail.ru;;1;4944,5;28,5
8940057;Курская область;Товарищество собственников жилья № 148;ТСЖ-148;Николай Владимирович Самойлов;4632130717;1,11463E+12;г. Курск, ул. Семеновская, д. 79, п. 45;г. Курск, ул. Семеновская, д. 79, п. 45;8-951-086-67-14;tsj-148@yandex.ru;;2;;
8932479;Курская область;Товарищество собственников жилья №31;ТСЖ №31;Валентина Ивановна Переверзева;4630011390;1,03464E+12;г. Курск, ул. Ольшанского, д. 20;г. Курск, ул. Ольшанского, д. 20;8-904-529-42-33;pereverzeva000@yandex.ru;www.tshz-31.is-best.net;1;4713,3;35
8936007;Курская область;"ТОВАРИЩЕСТВО СОБСТВЕННИКОВ ЖИЛЬЯ ""№55""";"ТСЖ ""№55""";Ольга Сильвестровна Беляева;4632165195;1,12463E+12;г. Курск, ул. Карла Маркса, д. 55;г. Курск, ул. Карла Маркса, д. 55;9065750182;tszh55@yandex.ru;http://tszh55.ulcraft.com/;1;9439;36
8914868;Курская область;"ТОВАРИЩЕСТВО СОБСТВЕННИКОВ ЖИЛЬЯ ""№ 83""";"ТСЖ ""№ 83""";Анатолий Иванович Меркулов;4630010929;1,0246E+12;г. Курск, ул. Заводская, д. 83 А;г. Курск, ул. Заводская, д. 83 А;89606852674;formagkh@yandex.ru;;1;3742,4;25
8938017;Курская область;"ТОВАРИЩЕСТВО СОБСТВЕННИКОВ ЖИЛЬЯ ""ТСЖ-97""";ТСЖ-97;Валентина Александровна Сергеева;4632059260;1,05464E+12;г. Курск, пр-кт. Кулакова, д. 9, п. 322;г. Курск, пр-кт. Кулакова, д. 9, п. 322;89207376806;tsg97kursk@mail.ru;;1;20163,1;29,5
8928897;Курская область;"Товарищество Собственников Жилья""Альфа""";"ТСЖ ""Альфа""";Алла Сергеевна Полищук;4632174432;1,13463E+12;г. Курск, проезд. Магистральный, д. 26а;г. Курск, д. 26А;89513337867;alonkatm@mail.ru;;1;7673;25,5
8937865;Курская область;"ТОВАРИЩЕСТВО СОБСТВЕННИКОВ ЖИЛЬЯ ""БЕЛИНСКОГО-4""";"ТСЖ ""Белинского-4""";Владимир Алексеевич Кузнецов;4611011540;1,11461E+12;д. Ворошнево, ул. Сосновая, д. 17а;д. Ворошнево, ул. Сосновая, д. 17а;+7(471)234 61 33;belinskogo-4@mail.ru;тсж-курск.рф;1;6879,6;29,5
8926006;Курская область;"ТОВАРИЩЕСТВО СОБСТВЕННИКОВ ЖИЛЬЯ ""ГРЕТА""";"ТСЖ ""ГРЕТА""";НИНА НИКОЛАЕВНА ТРОХАЧЕВА;4629044828;1,03464E+12;г. Курск, ул. Энгельса, д. 115А;г. Курск, ул. Энгельса, д. 115А;89191704127;greta-kyrsk@yandex.ru;;1;13148,6;36,5
8464354;Курская область;"Товарищество собственников жилья ""Двина""";"ТСЖ ""Двина""";Игорь Николаевич Соснин;4632060690;1,06463E+12;г. Курск, ул. Серегина, д. 32;г. Курск, ул. Серегина, д. 32;(910)218-52-79;gkursk@gmail.com;http://www.reformagkh.ru/mymanager/organization/8464354;1;3854,9;20,5
8238779;Курская область;"Товарищество собственников жилья ""Дом на Крюкова, 11""";"ТСЖ ""Дом на Крюкова, 11""";Татьяна Александровна Фридсон ;4632058980;1,05464E+12;г. Курск, ул. Крюкова, д. 11;г. Курск, ул. Крюкова, д. 11;89192797879;fridson_ta56@mail.ru;;1;5111,2;23
8931503;Курская область;"ТОВАРИЩЕСТВО СОБСТВЕННИКОВ ЖИЛЬЯ ""ДРУЖБЫ, 10""";"ТСЖ ""ДРУЖБЫ, 10""";НАТАЛЬЯ НИКОЛАЕВНА ЯРКОВА;4632116913;1,10463E+12;г. Курск, ул. Энгельса, д. 115;г. Курск, ул. Энгельса, д. 115;8 919 133 06 72;formagkh@yandex.ru;;1;25860;34,5
8935250;Курская область;"Товарищество собственников жилья ""Дружининская 24""";"ТСЖ ""Дружининская 24""";Вадим Дмитриевич Пронин;4632109546;1,09463E+12;г. Курск, ул. Дружининская, д. 24, п. 16;г. Курск, ул. Дружининская, д. 24, п. 16;89065741067;Pronin.TSG@yandex.ru;;1;6516,7;28
8916012;Курская область;"Товарищество србственников жилья ""ЖСК-103""";"ТСЖ ""ЖСК-103""";Константин Иванович Агарков;4632122096;1,10463E+12;г. Курск, ул. 50 лет Октября, д. 110;г. Курск, ул. 50 лет Октября, д. 110;574117;TSG-103@yandex.ru;http://adm.rkursk.ru/;1;24380,6;29,5
8933273;Курская область;"Товарищество собственников жилья ""ЖСК № 107""";"ТСЖ ""ЖСК №107""";Владимир Васильевич Димитров;4632107891;1,09463E+12;г. Курск, ул. Чернышевского, д. 15;г. Курск, ул. Чернышевского, д. 15;8(4712)52-24-78;ziatikova58@mail.ru;;1;5946,4;28,5
8927033;Курская область;"ТОВАРИЩЕСТВО СОБСТВЕННИКОВ ЖИЛЬЯ ""ЖСК № 11""";"ТСЖ ""ЖСК № 11""";ИННА НИКОЛАЕВНА ГАЛКИНА;4632110171;1,09463E+12;г. Курск, ул. Энгельса, д. 115;г. Курск, ул. Энгельса, д. 115;89207146502;;;1;3544,1;29,5
8936383;Курская область;"ТОВАРИЩЕСТВО СОБСТВЕННИКОВ ЖИЛЬЯ ""ЖСК-111""";"ТСЖ ""ЖСК-111""";Галина Федоровна Ивакина;4632067670;1,06463E+12;г. Курск, ул. Студенческая, д. 5;г. Курск, ул. Студенческая, д. 5;79192714340;TSJ111@yandex.ru;;1;30829,6;31,5
8586497;Курская область;"Товарищество собственников жилья ""ЖСК-33""";"ТСЖ ""ЖСК-33""";Елена Витальевна Бубало;4631008369;1,0246E+12;г. Курск, ул. Краснознаменная, д. 18б;г. Курск, ул. Краснознаменная, д. 18б, п. 19;(4712) 262091;union31@yandex.ru;http://redflag18.narod.ru/;1;2870,5;21
8914741;Курская область;"Товарищество собственников жилья ""ЖСК №58""";"ТСЖ ""ЖСК №58""";Тамара Владимировна Храмцова;4632118910;1,10463E+12;г. Курск, ул. Комарова, д. 9;г. Курск, ул. Комарова, д. 9;89155165883;jsk58@yandex.ru;;1;4366,8;34
8916619;Курская область;"ТСЖ ""Заводской проезд""";"ТСЖ ""Заводской проезд""";Елена Алексеевна Кобзарева;4633022746;1,09463E+12;г. Железногорск, проезд. Заводской, д. 3, к. 2;г. Железногорск, проезд. Заводской, д. 3, к. 2;7-68-98;tszh-zheleznogorsk@ya.ru;http://tsz46.ru/tsz/;3;39388,4;35,5
8922259;Курская область;"Товарищество собственников жилья ""Заря Светлая""";"ТСЖ ""Заря Светлая""";Нина Маратовна Глибина ;4632107235;1,09463E+12;г. Курск, проезд. Светлый, д. 9, п. 21;г. Курск, проезд. Светлый, д. 9, п. 21;89102723181;vip.n.g.2012@bk.ru;;1;3212,2;21,5
8938376;Курская область;"Товарищество собственников жилья ""Интернациональное""";"ТСЖ ""Интернациональное""";Константин Игоревич Болдырев;4632204380;1,15463E+12;г. Курск, ул. Интернациональная, д. 47, п. 28;г. Курск, ул. Интернациональная, д. 47, п. 28;393954;ukparizhskoe@gmail.com;uk parizhskoe;1;5418;27
8754203;Курская область;"Товарищество собственников жилья ""КЗВ-Наш дом""";"ТСЖ ""КЗВ-Наш дом""";Анатолий Васильевич Конев;4632043013;1,04464E+12;г. Курск, ул. Володарского, д. 44, п. 1;г. Курск, ул. Кати Зеленко, д. 9, п. 39;8-919-170-51-23;kzvnashdom@mail.ru;http://кзвнашдом.рф;2;9816,2;24,5
8934192;Курская область;"Товарищество собственников жилья ""Комфорт""";"ТСЖ ""Комфорт""";Галина Дмитриевна Свирская;4632108969;1,09463E+12;г. Курск, ул. Заводская, д. 83;г. Курск, ул. Заводская, д. 83;33 09 95;;;1;3832,3;34
8162485;Курская область;Товарищество собственников жилья Комфорт;ТСЖ Комфорт;Андрей Александрович Ситников;4632088511;1,07463E+12;г. Курск, ул. Парижской Коммуны, д. 42;г. Курск, ул. Парижской Коммуны, д. 34;393954;l.barbashova@bk.ru;www.kurskadmin.ru;1;3634,7;27
8939205;Курская область;"ТОВАРИЩЕСТВО СОБСТВЕННИКОВ ЖИЛЬЯ ""КОНКОРД""";"ТСЖ ""КОНКОРД""";Иван Васильевич Умрихин;4632189686;1,14463E+12;г. Курск, ул. Дружининская, д. 33а, п. 14;г. Курск, ул. Дружининская, д. 33а, п. 14;89103186209;gusev46@mail.ru;;1;5155,8;30
7771174;Курская область;"Товарищество собственников жилья ""Коренево-жилсервис""";"ТСЖ ""Коренево-жилсервис""";Владимир Викторович Дубонос;4610006949;1,09462E+12;пгт. Коренево, ул. 70 лет Октября, д. 27, п. 10;пгт. Коренево, ул. 70 лет Октября, д. 27, п. 10;(47147)23233;tsg1046@mail.ru;;7;8273,1;19
8938898;Курская область;"Товарищество собственников жилья ""Кристалл""";"ТСЖ ""Кристалл""";Александр Иванович Слётов;4633033794;1,12463E+12;г. Железногорск, ул. Димитрова, д. 14;г. Железногорск, ул. Димитрова, д. 14;79510840433;alex2121or@mail.ru;www.tsj.ru/fe.city_dimitr14;1;;18,5
8927044;Курская область;"Товарищество собственников жилья ТСЖ Курская 76/2""""";"ТСЖ ""Курская 76/2""";Наталья Евгеньевна Андрюшина;4633022390;1,09463E+12;г. Железногорск, ул. Курская, д. 76, к. 2, лит. А, п. 11771;г. Железногорск, ул. Курская, д. 76, к. 2, лит. А, п. 11771;7312;tszh.kurskaya@mail.ru;http://tsz-kurskaya76.ru;1;18697,6;33,5
8938542;Курская область;"ТОВАРИЩЕСТВО СОБСТВЕННИКОВ ЖИЛЬЯ ""ЛЕНИНА 25 И 25/2""";"ТСЖ ""Ленина 25 и 25/2"""; Анна Сергеевна Дяченко;4633037975;1,15463E+12;г. Железногорск, ул. Ленина, д. 25, п. 95;г. Железногорск, ул. Ленина, д. 25, п. 95;+7(910)3125253;natal69@yandex.ru;http://25and25-2.ru/;2;21612,9;24,5
8940387;Курская область;Товарищество собственников жилья «Микрорайон»;ТСЖ «Микрорайон»;Игорь Юрьевич Леонидов;4632121688;1,10463E+12;г. Курск, ул. Студенческая, д. 7;г. Курск, ул. Студенческая, д. 7;8-951-335-1171;lij@kursknet.ru;;1;24689,7;28
8477309;Курская область;"Товарищество Собственников Жилья ""Надежда""";"ТСЖ  ""Надежда""";Иван Николаевич Кривенда;4632019412;1,0246E+12;г. Курск, ул. Дубровинского, д. 1А;г. Курск, ул. Дубровинского, д. 1А;8 /4712/ 51-02-43;ivankursk@mail.ru;http://надежда.домтсж.рф;1;12004,9;34
8933805;Курская область;Товарищество собственников жилья Никитина 8;ТСЖ Никитина 8;Дмитрий Александрович Кудаков;4633035671;1,13463E+12;г. Железногорск, ул. Никитина, д. 8;г. Железногорск, ул. Никитина, д. 8;8 919-279-29-88;tszhnikitina8@gmail.com;nikitina8.com;1;26396,4;35,5
8930623;Курская область;"Товарищество собственников жилья ""Новоселы""";"ТСЖ ""Новоселы""";Юрий Сергеевич Дементьев;4632026427;1,0246E+12;г. Курск, пр-кт. Хрущева, д. 26;г. Курск, пр-кт. Хрущева, д. 26;+7(908)126-5789;novosel-kursk@mail.ru;;1;4740;22,5
8162576;Курская область;Товарищество собственников жилья Парижское;ТСЖ Парижское;Андрей Александрович Ситников;4632079556;1,0746E+12;г. Курск, ул. Парижской Коммуны, д. 34;г. Курск, ул. Парижской Коммуны, д. 34;393954;l.barbashova@bk.ru;www.kurskadmin.ru;2;10192,5;28
8928496;Курская область;"Товарищество собственников жилья ""Порядок""";"ТСЖ ""Порядок""";Виктор Николаевич Титов;4632204292;1,15463E+12;г. Курск, ул. Л.Толстого, д. 13, п. 14;г. Курск, ул. Л.Толстого, д. 14-а, п. 72;8-915-518-11-60;tsg-poryadok@mail.ru;www.reformagkh.ru;1;8382;25,5
8926741;Курская область;"Товарищество собственников жилья ""ПРЕСТИЖ""";"ТСЖ ""ПРЕСТИЖ""";Юлия Владимировна Звягинцева;4632033248;1,03464E+12;г. Курск, ул. Гагарина, д. 23;г. Курск, ул. Гагарина, д. 23;89103117041;PRESTIG2003@yandex.ru;;1;9001,9;27,5
8935292;Курская область;"Товарищество Собственников Жилья ""Примакова 97""";"ТСЖ ""ПРИМАКОВА 97""";Николай Витальевич Нестеров;4613012500;1,14461E+12;г. Льгов, ул. Примакова, д. 97, п. 29;г. Льгов, ул. Примакова, д. 97, п. 29;89606868528;tsg.primakova97@yandex.ru;;1;4012,4;34
8020864;Курская область;"Товарищество собственников жилья "" Прямицыно-Жилсервис""";"ТСЖ "" Прямицыно-Жилсервис""";Тамара Николаевна Ерошенко;4617004242;1,0446E+12;пгт. Прямицыно, ул. Заводская, д. 8, п. 11;пгт. Прямицыно, ул. Заводская, д. 8, п. 11;89 508 724 659;tsg.prjmicino@yandex.ru;moidomru.ru/tsgprjmicino;6;6208,4;30
8298319;Курская область;"Товарищество собственников жилья ""Республиканская, 48 Наш Дом""";"ТСЖ ""Республиканская, 48 Наш Дом""";Нина Никандровна Селянова;4632150946;1,11463E+12;г. Курск, ул. Республиканская, д. 48, п. 49;г. Курск, ул. Республиканская, д. 48, п. 49;8-904-520-17-34;tsj48kursk@yandex.ru;http://kursk-union31.narod.ru/;1;8935,6;26
8930150;Курская область;"Товарищество собственников жилья ""Республиканская 50 А-Б""";"ТСЖ ""Республиканская 50 А-Б""";Евгений Дмитриевич Гришаев;4632105407;1,09463E+12;г. Курск, ул. Республиканская, д. 50 А, п. 65;г. Курск, ул. Республиканская, д. 50 А, п. 65;;;;2;11493,08;27
8935152;Курская область;"Товарищество собственников жилья ""Родники-2""";"ТСЖ ""Родники-2""";Юлия Алексеевна Галкина;4632212134;1,16463E+12;г. Курск, ул. Бойцов 9 Дивизии, д. 185В;г. Курск, ул. Бойцов 9 Дивизии, д. 185В;89155190397;;;1;14283,8;
8923866;Курская область;"ТОВАРИЩЕСТВО СОБСТВЕННИКОВ ЖИЛЬЯ ""РЯБИНУШКА""";"ТСЖ ""РЯБИНУШКА""";Вера Сергеевна Мерзлая;4632025529;1,0246E+12;г. Курск, ул. Рябиновая, д. 28;г. Курск, ул. Рябиновая, д. 28;8 908 125 28 93  58 23 59;tsj-ryabinushka@yandex.ru;;1;7729,1;32,5
8914814;Курская область;"Товарищество собственников жилья ""САДОВОЕ""";"ТСЖ ""САДОВОЕ""";Владимир Валерьевич Черников;4629043038;1,03464E+12;г. Курск, ул. Садовая, д. 25/69, п. 130;г. Курск, ул. Садовая, д. 25/69, п. 130;51-08-60;s2569@yandex.ru;http://s2569.usluga.me/;1;8183,2;35,5
7749445;Курская область;"Товарищество собственников жилья ""Созидатели""";"ТСЖ ""Созидатели""";Валентина Александровна Чайфушина;4630016617;1,03464E+12;г. Курск, д. 24;г. Курск, ул. Серегина, д. 24;(4712) 37-48-77;tsg_sozidateli@mail.ru;http://www.reformagkh.ru/myhouse/view/7756878/;1;5771;25,5
8934531;Курская область;Товарищество собственников жилья Союзная 67;тсж Союзная 67;Андрей Николаевич Третьяков ;4632179818;1,13463E+12;г. Курск, ул. Союзная, д. 67, п. 82;г. Курск, ул. Союзная, д. 67, п. 82;89606850662;Tsg.souznai.67@mail.ru;;1;5759,9;18,5
8939682;Курская область;"Товарищество собственников жилья ""Союзная-71 А""";ТСЖ «Союзная-71 А»;Леонид Алексеевич Захаров;4632104675;1,09463E+12;г. Курск, ул. Союзная, д. 71/А, п. 19;г. Курск, ул. Союзная, д. 71/А, п. 19;79051542049;sveta.sveta.ivanova2000.ivanov@inbox.ru;;1;4042,1;28
8128921;Курская область;"Товарищество собственников жилья ""Темп""";"ТСЖ ""Темп""";Любовь Ростиславна Логачева;4632127062;1,10463E+12;г. Курск, ул. Энгельса, д. 115;г. Курск, ул. Энгельса, д. 115;8 919 130 04 76;info@uk46.ru;;1;8453,4;37,5
8935270;Курская область;"Товарищество собственников жилья ""Тускарь""";"ТСЖ ""Тускарь""";Аркадий Геннадьевич Хохлов;4632058281;1,05464E+12;г. Курск, ул. Республиканская, д. 55А;г. Курск, ул. Республиканская, д. 55А;89202645488;argen-t@yandex.ru;www.kurskadmin.ru;1;4556,5;25,5
8380627;Курская область;"Товарищество собственников жилья ""Уют""";"ТСЖ ""Уют""";Вячеслав Владимирович Комаров;4634010052;2,08461E+12;г. Курчатов, ул. Садовая, д. 1, к. А, п. 105;г. Курчатов, ул. Садовая, д. 1, к. А, п. 105;79513398954;tsj-uyut@yandex.ru;;2;15872,9;20,5
8934191;Курская область;"Товарищество собственников жилья ""Хуторок 5""";"ТСЖ ""Хуторок 5""";Алла Леонидовна Леонидова;4632116374;1,10463E+12;г. Курск, ул. Хуторская, д. 5, п. 38;г. Курск, ул. Хуторская, д. 5, п. 38;8 930 854 97 27;chuevalida2012@yandex.ru;;1;11591,8;33,5
8925922;Курская область;"Товарищество собственников жилья ""Хуторское""";"ТСЖ ""Хуторское""";Вячеслав Валентинович Малыхин;4632027036;1,0246E+12;г. Курск, ул. Хуторская, д. 12Г;г. Курск, ул. Хуторская, д. 12Г;(4712)501304;tszhhutorskoe@yandex.ru;тсж-хуторское.рф;1;18410,9;33,5
8322356;Курская область;"Товарищество собственников жилья ""Хуторянка""";"ТСЖ""Хуторянка""";Клавдия Дмитриевна Кабанова;4632068924;1,06463E+12;г. Курск, ул. Хуторская, д. 12В;г. Курск, ул. Хуторская, д. 12В;79 611 996 655;huturok@gmail.com;hutorok12.ru;2;23441,74;56
8331052;Курская область;"Товарищество собственников жилья ""Элитное""";"ТСЖ ""Элитное""";Наталья Сергеевна Белова;4629052868;1,03464E+12;г. Курск, ул. Горького, д. 50;г. Курск, ул. Горького, д. 50;52 05 73;bns.50@mail.ru;http://tszh-elitnoe.ru/;1;12401;33,5
8204705;Курская область;"Товарищество собственников жилья ""Энергетиков 49""";"ТСЖ ""Энергетиков 49""";Николай Павлович Коренской;4634010013;1,08461E+12;г. Курчатов, ул. Энергетиков, д. 49, п. кв.92;г. Курчатов, ул. Энергетиков, д. 49, п. кв. 92;89510822788;energetikov49@yandex.ru;http://energetikov49.ru;1;8917,1;34,5
8934520;Курская область;"Товарищество собственников жилья ""Энтузиастов-1""";"ТСЖ ""Энтузиастов-1""";Дмитрий Сергеевич Брусенцев;4632112394;1,09463E+12;г. Курск, пр-кт. Энтузиастов, д. 1, п. 194;г. Курск, пр-кт. Энтузиастов, д. 1, п. 194;8-903-871-56-07;dim--2008@mail.ru;;1;17149,86;41
8254734;Курская область;ОбщесУправляющая компания Сезон Серви;УК Сезон Сервис;Сергей Сергеевич Пеньков;4632072494;1,06463E+12;г. Курск, ул. Агрегатная 1-я, д. 38;г. Курск, ул. Агрегатная 1-я, д. 38;74712261986;sezon-servis@mail.ru;www.sezon-servis46.ru;4;35593,5;48,5
8471521;Курская область;"Общество с ограниченной ответственностью Управляющая Компания "" Сити-Сервис""";"УК ""Сити-Сервис""";Евгения Александровна Старикова;4632082301;1,07463E+12;г. Курск, ул. Ленина, д. 71, стр. Литер А, п. помещение 10;г. Курск, ул. Ленина, д. 71, стр. Литер А, п. помещение 10;8 4712 74 00 99;sity-serviskursk@mail.ru;www.city-kursk.ru;2;8809,3;32
8312403;Курская область;"УО ""Управдом""";"УО ""Управдом""";Ирина Михайловна Фенина;4632109000;1,09463E+12;г. Курск, ул. К.Воробьева, д. 29, п. 51;г. Курск, ул. Пигорева, д. 18, п. 214;(4712) 31-21-44;upravdom46@mail.ru;http://upravdom-kursk.narod.ru/;3;8712;22,5
8923282;Курская область;"ОБЩЕСТВО С ОГРАНИЧЕННОЙ ОТВЕТСТВЕННОСТЬЮ УПРАВЛЯЮЩАЯ КОМПАНИЯ ""СЕЙМСКОГО ОКРУГА""";"УПРАВЛЯЮЩАЯ КОМПАНИЯ ""СЕЙМСКОГО ОКРУГА""";Татьяна Анатольевна Горлова;4632200756;1,15463E+12;г. Курск, ул. Студенческая, д. 20, п. 88;г. Курск, ул. Обоянская, д. 15;37-01-34;ukseim@rambler.ru;http://ukseimkursk.ru;96;349083,44;37
7983685;Курская область;"ООО ""ТСЖ - Уютный дом""";Уютный дом;Алексей Сафронович Данилюк;4632103664;1,09463E+12;г. Курск, пр-кт. Хрущева, д. 42, п. 2;г. Курск, пр-кт. Хрущева, д. 42, п. 2;39-11-09;ujt2011@yandex.ru;www.uyut46.ru;26;120351,1;35
